[
  {
    "question": "What is a primary advantage of using MNW over WEL in groundwater modeling? (Mark ALL correct answers)",
    "options": {
      "A) It allows distributed flow over multiple layers": true,
      "B) It includes skin and well loss effects": true,
      "C) It simplifies pumping without parameters": false,
      "D) It enforces pumping constraints": true
    },
    "success": "✅ Great — MNW includes realistic physics and constraints.",
    "error": "❌ WEL is simpler. MNW models multiple nodes and head-dependent limits."
  },
  {
    "question": "Which factors influence the conductance in a Multi-Node Well? (Mark ALL correct answers)",
    "options": {
      "A) Hydraulic conductivity of the aquifer": true,
      "B) Well radius and skin effects": true,
      "C) Drain elevation": false,
      "D) Cross-sectional area of flow": true
    },
    "success": "✅ Correct. Conductance reflects physical geometry and material properties.",
    "error": "❌ MNW conductance depends on well and aquifer properties, not surface features."
  },
  {
    "question": "What happens to the Q–h curve of a MNW when a maximum pumping rate is applied? (Mark ALL correct answers)",
    "options": {
      "A) The curve flattens at the Qmax value": true,
      "B) Flow increases indefinitely with head": false,
      "C) Flow reverses direction": false,
      "D) Flow stops if head is too low": true
    },
    "success": "✅ Exactly. The curve reflects constraints and head-based behavior.",
    "error": "❌ Think of operational limits — flow won’t just grow forever."
  },
  {
    "question": "In MODFLOW, which parameter causes an MNW to stop pumping due to head constraints? (Mark ALL correct answers)",
    "options": {
      "A) Hlim (limiting head)": true,
      "B) Qmax": false,
      "C) Recharge rate": false,
      "D) Minimum saturated thickness": true
    },
    "success": "✅ Spot on. MNW can stop pumping if the cell head drops below Hlim or becomes unsaturated.",
    "error": "❌ MNW shutdowns are triggered by limiting heads, not just flux rates."
  },
  {
    "question": "How is skin effect incorporated in an MNW? (Mark ALL correct answers)",
    "options": {
      "A) As an additional resistance around the wellbore": true,
      "B) As an increase in conductance": false,
      "C) Through the use of hydraulic gradient multipliers": false,
      "D) As a correction to head loss": true
    },
    "success": "✅ Skin effect reduces flow — it’s a resistance term included in conductance calculations.",
    "error": "❌ Skin effect adds resistance, not conductance or gradients."
  },
  {
    "question": "How can Q–h plots help interpret MNW model behavior? (Mark ALL correct answers)",
    "options": {
      "A) By identifying operational limits": true,
      "B) By showing where the well is dry": true,
      "C) By optimizing recharge boundaries": false,
      "D) By visualizing transitions in flow regimes": true
    },
    "success": "✅ Well done. Q–h plots make MNW behavior easier to interpret and debug.",
    "error": "❌ Focus on what Q–h plots reveal about flow constraints and system response."
  }
]
