{"0": {
    "doc": "The Groundwater Project",
    "title": "The Groundwater Project",
    "content": "Jupyter Notebooks as interactive educational resources for the Groundwater Project . A collection of Jupyter Notebooks for the Groundwater Project. The following is an overview of (initial) notebooks that are suitable for the Groundwater Project. The Jupyter Notebooks are part of the general collection of Jupyter Notebooks in the iNUX GitHub Repository. You can access and execute them online with your browser through the MyBinder service with the provided link or by using the QR code on your mobile device. These links will render all Notebooks as (user-friendly) Voila Dashboards, i.e., the underlying Python Code is invisible. Alternatively, you can access the whole repository of notebooks online with this link to MyBinder (eventually, the start takes some minutes—please be patient). Then, browse through the collection of notebooks and execute them. If you are new to Jupyter Notebooks, it is suggested that you have a look at 00_Getting_started.ipynb. Alternatively, you can download the Jupyter Notebooks from the GitHub repository (specified in Origin* within the table) and execute them locally through a suitable Jupyter Notebook installation (e.g., Anaconda). With a properly installed Anaconda, just . | open the command window with CMD. | Browse to your local folder on your computer that contains the Jupyter Notebooks. | Start your local Jupyter interpreter (hub) by typing Jupyter Notebook in your command window. | Subsequently, your browser should open, and you will be ready to execute the notebooks. | . Table legend / Abbreviations: . *Origin: ** (Repository) 01 - Water cycle; 02 - Basic hydrology; 03 Soil physics; 04 Basic hydrogeology; 05 Applied hydrogeology; 06 Groundwater modeling . Type**: Notebook… A) with explanations; B) just figure; C) as a workbook . | Content | Origin*/Type** | Preview | Access link | QR access | . | (01) Well_Catchment.IPYNB: Calculation of the catchment area of a production well | 04/A | | | | . | (02) Well_Catchment_FIG.IPYNB: Calculation of the catchment area of a production well | 04/B | | | | . | (03) GWF_1D_unconf_analytic.IPYNB: Groundwater flow (1D) with groundwater divide | 04/A | | | | . | (04) Darcy.IPYNB: Flow through Darcian column | 04/A | | | | . | (05) Darcy_FIG.IPYNB: Flow through Darcian column | 04/B | | | | . | (06) Flow2well_Thiem_unconf.IPYNB: Steady state solution for flow towards a well in an unconfined aquifer | 04/A | | | | . | (07) Flow2well_Thiem_conf.IPYNB: Steady state solution for flow towards a well in a confined aquifer. | 04/B | | | | . ",
    "url": "/CoursesProjects/01_GWP.html",
    
    "relUrl": "/CoursesProjects/01_GWP.html"
  },"1": {
    "doc": "Streamlit Apps",
    "title": "Streamlit Apps",
    "content": "The content of selected Jupyter Notebooks is available as Streamlit App. These interactive applications are very user friendly. The can be accessed by computer and mobile devices. Feel free to explore the iNUX Streamlit apps that are presented in the subsequent folders. ",
    "url": "/02%20Streamlit.html",
    
    "relUrl": "/02%20Streamlit.html"
  },"2": {
    "doc": "Streamlit Apps",
    "title": "Featured App",
    "content": "Transient flow to wells - Parameter estimation and drawdown prediction with the Theis solution . The app allow to use random data with measurement noise. In a first step, the formation parameters transmissivity T and storativity S are determined. Subsequently, the parameter can be used for a prediction of drawdown. The app compares the results with the ‘true’ parameters to those fitted by the user. Accordingly, prediction uncertainty can be investigated. You can access the app here https://theis-inverse-drawdown-random.streamlit.app/ . ",
    "url": "/02%20Streamlit.html#featured-app",
    
    "relUrl": "/02%20Streamlit.html#featured-app"
  },"3": {
    "doc": "Streamlit Apps",
    "title": "All Apps",
    "content": "Browse through this webpage to explore more apps. All apps are also shown here https://share.streamlit.io/user/thoreimann (although not categorized/sorted). ",
    "url": "/02%20Streamlit.html#all-apps",
    
    "relUrl": "/02%20Streamlit.html#all-apps"
  },"4": {
    "doc": "SYMPLE",
    "title": "SYMPLE - School of Hydrogeological Modeling",
    "content": "A collection of Jupyter Notebooks for the SYMPLE School of Hydrogeological Modeling. You can access and execute them online with your browser through the MyBinder service with the provided link or by using the QR code on your mobile device. These links will render all Notebooks as (user-friendly) Voila Dashboards, i.e., the underlying Python Code is invisible. Alternatively, you can access the whole repository of notebooks online with this link to MyBinder (eventually, the start takes some minutes - please be patient). Then, browse through the collection of notebooks and execute them. If you are new to Jupyter Notebooks, it is suggested to have a look at 00_Getting_started.ipynb. Alternatively, you can download the Jupyter Notebooks from the GitHub repository (specified in Origin* within the table) and execute them locally through a suitable Jupyter Notebook installation (e.g., Anaconda). With a properly installed Anaconda, just . | open the command window with CMD. | Browse to your local folder on your computer that contains the Jupyter Notebooks. | Start your local Jupyter interpreter (hub) by typing Jupyter Notebook in your command window. | Subsequently, your browser should open, and you will be ready to execute the notebooks. | . Table legend / Abbreviations: . *Origin: ** (Repository) 01 - Water cycle; 02 - Basic hydrology; 03 Soil physics; 04 Basic hydrogeology; 05 Applied hydrogeology; 06 Groundwater modeling . Type**: Notebook… A) with explanations; B) just figure; C) as a workbook . | Content | Origin*/Type** | Preview | Access | QR access | . | (01) Volume_Mass_Budget.ipynb: Water cycle and mass balances, incl. the example of radioactive decay. | 01/C | | | | . | (02) Radioactive_Decay.ipynb: Mass balances and example of radioactive decay. | 01/A | | | | . | (03) 1D_Conduction.ipynb: A comparison of diffusive/conductive movement for groundwater flow and heat transport. | 05/A | | | | . | (04) GWF_1D_unconf_analytic_v00.ipynb: A solution for 1D unconfined flow, bounded by two defined heads; variation of hydraulic conductivity and recharge. | 04/A | | | | . | (05) GWF_1D_unconf_analytic_BC.ipynb: Differences between physical and hydraulic boundary conditions based on the analytical solution of 1D unconfined groundwater flow. | 04/C | | | | . | (06) GWF_1D_unconf_analytic_BC3.ipynb: Analytical solution for 1D unconfined groundwater flow demonstrating the behavior of a 3rd type (Robin) boundary. | 04/A | PRE | | | . | (07) Theis_interactive.ipynb | 05/A | PRE | NB Binder Voila Binder | QR | . | (08) TYPE_CURVE_MATCHING_VARNUM.ipynb | 05/A | PRE | NB Binder Voila Binder | QR | . | (09) Well_Catchment.ipynb | 04/A | PRE | NB Binder Voila Binder | QR | . | (10) TRANS_1D_AD_analytic.ipynb: Analytical solution of 1D transport with advection and dispersion. Incl. curve fitting with given data. | 05/A | | | | . | (11) TRANS_1D_MT3D.ipynb | 06/A | PRE | Offline use | Offline use | . | (12) DCC_Equivalent_Hydr_Cond.ipynb: Computes the equivalent hydraulic conductivity (for Darcys law) of a karst conduit. | 05/B | | | | . | (13) DCC_Flow_Equations.ipynb: Interactive plot of discharge vs. hydraulic gradient for the Hagen-Poiseuille and Colebrook-White equation. | 05/B | | | | . ",
    "url": "/CoursesProjects/02_SYMPLE.html#symple---school-of-hydrogeological-modeling",
    
    "relUrl": "/CoursesProjects/02_SYMPLE.html#symple---school-of-hydrogeological-modeling"
  },"5": {
    "doc": "SYMPLE",
    "title": "SYMPLE",
    "content": " ",
    "url": "/CoursesProjects/02_SYMPLE.html",
    
    "relUrl": "/CoursesProjects/02_SYMPLE.html"
  },"6": {
    "doc": "Jupyter Notebooks",
    "title": "Jupyter Notebooks",
    "content": " ",
    "url": "/03%20Jupyter.html",
    
    "relUrl": "/03%20Jupyter.html"
  },"7": {
    "doc": "MWW01",
    "title": "MWW01 - Groundwater Management with Computer Models (Grundwasserbewirtschaftung mit Computermodellen; TU Dresden)",
    "content": "Here you can find an overview and access to the Jupyter Notebooks that are used in the course. course starts october 2024 / material currently in preparation . Table legend / Abbreviations: . *Origin: ** (Repository) 01 - Water cycle; 02 - Basic hydrology; 03 Soil physics; 04 Basic hydrogeology; 05 Applied hydrogeology; 06 Groundwater modeling . Type**: Notebook… A) with explanations; B) just figure; C) as a workbook . | Content | Origin*/Type** | Preview | Access (via MyBinder and Voila) | QR for access | . | (01) NAME_OF_JUPYTER_NOTEBOOK.IPYNB: SHORT EXPLANATION | 04/A | | | | . ",
    "url": "/CoursesProjects/03_MWW01.html#mww01---groundwater-management-with-computer-models-grundwasserbewirtschaftung-mit-computermodellen-tu-dresden",
    
    "relUrl": "/CoursesProjects/03_MWW01.html#mww01---groundwater-management-with-computer-models-grundwasserbewirtschaftung-mit-computermodellen-tu-dresden"
  },"8": {
    "doc": "MWW01",
    "title": "MWW01",
    "content": " ",
    "url": "/CoursesProjects/03_MWW01.html",
    
    "relUrl": "/CoursesProjects/03_MWW01.html"
  },"9": {
    "doc": "Courses and Projects",
    "title": "Courses and Projects based on the Jupyter Notebooks",
    "content": "The Jupyter Notebooks from the repository can be implemented in courses and projects. Those are subsequently hosted to allow users working with the notebooks but also to demonstrate future users a way of implementing the Jupyter Notebooks in their own activities. ",
    "url": "/04%20CoursesProjects.html#courses-and-projects-based-on-the-jupyter-notebooks",
    
    "relUrl": "/04%20CoursesProjects.html#courses-and-projects-based-on-the-jupyter-notebooks"
  },"10": {
    "doc": "Courses and Projects",
    "title": "Courses and Projects",
    "content": " ",
    "url": "/04%20CoursesProjects.html",
    
    "relUrl": "/04%20CoursesProjects.html"
  },"11": {
    "doc": "MWW02",
    "title": "MWW02 - TODO",
    "content": "course starts october 2024 / material currently in preparation . Table legend / Abbreviations: . *Origin: ** (Repository) 01 - Water cycle; 02 - Basic hydrology; 03 Soil physics; 04 Basic hydrogeology; 05 Applied hydrogeology; 06 Groundwater modeling . Type**: Notebook… A) with explanations; B) just figure; C) as a workbook . | Content | Origin*/Type** | Preview | Access (via MyBinder and Voila) | QR for access | . | (01) NAME_OF_JUPYTER_NOTEBOOK.IPYNB: SHORT EXPLANATION | 04/A | | | | . ",
    "url": "/CoursesProjects/04_MWW02.html#mww02---todo",
    
    "relUrl": "/CoursesProjects/04_MWW02.html#mww02---todo"
  },"12": {
    "doc": "MWW02",
    "title": "MWW02",
    "content": " ",
    "url": "/CoursesProjects/04_MWW02.html",
    
    "relUrl": "/CoursesProjects/04_MWW02.html"
  },"13": {
    "doc": "GVG460",
    "title": "GVG460 - Applied Hydrogeology (University of Gothenburg)",
    "content": "Here you can find an overview and access to the Jupyter Notebooks that are used in the course. course starts september 2024 / material currently in preparation . Table legend / Abbreviations: . *Origin: ** (Repository) 01 - Water cycle; 02 - Basic hydrology; 03 Soil physics; 04 Basic hydrogeology; 05 Applied hydrogeology; 06 Groundwater modeling . Type**: Notebook… A) with explanations; B) just figure; C) as a workbook . | Content | Origin*/Type** | Preview | Access (via MyBinder and Voila) | QR for access | . | (01) NAME_OF_JUPYTER_NOTEBOOK.IPYNB: SHORT EXPLANATION | 04/A | | | | . ",
    "url": "/CoursesProjects/05_GVG460.html#gvg460---applied-hydrogeology-university-of-gothenburg",
    
    "relUrl": "/CoursesProjects/05_GVG460.html#gvg460---applied-hydrogeology-university-of-gothenburg"
  },"14": {
    "doc": "GVG460",
    "title": "GVG460",
    "content": " ",
    "url": "/CoursesProjects/05_GVG460.html",
    
    "relUrl": "/CoursesProjects/05_GVG460.html"
  },"15": {
    "doc": "GV2002",
    "title": "GV2002 Hydrology and Hydrogeology (University of Gothenburg)",
    "content": "Here you can find an overview and access to the Jupyter Notebooks that are used in the course. course starts October 2024 / material currently in preparation . Table legend / Abbreviations: . *Origin: ** (Repository) 01 - Water cycle; 02 - Basic hydrology; 03 Soil physics; 04 Basic hydrogeology; 05 Applied hydrogeology; 06 Groundwater modeling . Type**: Notebook… A) with explanations; B) just figure; C) as a workbook . | Content | Origin*/Type** | Preview | Access (via MyBinder and Voila) | QR for access | . | (01) NAME_OF_JUPYTER_NOTEBOOK.IPYNB: SHORT EXPLANATION | 04/A | | | | . ",
    "url": "/CoursesProjects/06_GV2002.html#gv2002-hydrology-and-hydrogeology-university-of-gothenburg",
    
    "relUrl": "/CoursesProjects/06_GV2002.html#gv2002-hydrology-and-hydrogeology-university-of-gothenburg"
  },"16": {
    "doc": "GV2002",
    "title": "GV2002",
    "content": " ",
    "url": "/CoursesProjects/06_GV2002.html",
    
    "relUrl": "/CoursesProjects/06_GV2002.html"
  },"17": {
    "doc": "Flow to wells",
    "title": "Flow to Wells",
    "content": " ",
    "url": "/Jupyter/JuNo_Flow2Wells.html#flow-to-wells",
    
    "relUrl": "/Jupyter/JuNo_Flow2Wells.html#flow-to-wells"
  },"18": {
    "doc": "Flow to wells",
    "title": "Flow to wells",
    "content": "Jupyter Notebooks for the topic . ",
    "url": "/Jupyter/JuNo_Flow2Wells.html",
    
    "relUrl": "/Jupyter/JuNo_Flow2Wells.html"
  },"19": {
    "doc": "Water Cycle",
    "title": "01 Water Cycle",
    "content": " ",
    "url": "/Streamlit/ST_01_Water_Cycle.html#01-water-cycle",
    
    "relUrl": "/Streamlit/ST_01_Water_Cycle.html#01-water-cycle"
  },"20": {
    "doc": "Water Cycle",
    "title": "Radioactive decay",
    "content": "This app allow to use investigate the mass balance for three substances that can decay. The user can define the initial mass and the decay rate of three substances. This allows to investigate the mass balance. You can access the app here: https://radioactive-decay.streamlit.app/ . ",
    "url": "/Streamlit/ST_01_Water_Cycle.html#radioactive-decay",
    
    "relUrl": "/Streamlit/ST_01_Water_Cycle.html#radioactive-decay"
  },"21": {
    "doc": "Water Cycle",
    "title": "Water Cycle",
    "content": "Streamlit Apps for the topic . ",
    "url": "/Streamlit/ST_01_Water_Cycle.html",
    
    "relUrl": "/Streamlit/ST_01_Water_Cycle.html"
  },"22": {
    "doc": "Basic Hydrology",
    "title": "02 Basic Hydrology",
    "content": " ",
    "url": "/Streamlit/ST_02_Basic_Hydrology.html#02-basic-hydrology",
    
    "relUrl": "/Streamlit/ST_02_Basic_Hydrology.html#02-basic-hydrology"
  },"23": {
    "doc": "Basic Hydrology",
    "title": "Baseflow recession",
    "content": "This app computes the capture zone for an abstraction well in a confined aquifer. The user can modify parameters like pumping rate Q, hydraulic conductivity K, and more to investigate the effect on the shape of the capture zone. You can access the app here: https://baseflow-recession.streamlit.app/ . ",
    "url": "/Streamlit/ST_02_Basic_Hydrology.html#baseflow-recession",
    
    "relUrl": "/Streamlit/ST_02_Basic_Hydrology.html#baseflow-recession"
  },"24": {
    "doc": "Basic Hydrology",
    "title": "Infiltration Capacity",
    "content": "This app computes the amount of infiltration over time. The user can modify parameters like infiltration coefficient, precipitation rate, and more to investigate the amount of precipitation that infiltrates vs. the exceeding precipitation (runoff). You can access the app here: https://infiltration-capacity.streamlit.app/ . ",
    "url": "/Streamlit/ST_02_Basic_Hydrology.html#infiltration-capacity",
    
    "relUrl": "/Streamlit/ST_02_Basic_Hydrology.html#infiltration-capacity"
  },"25": {
    "doc": "Basic Hydrology",
    "title": "Basic Hydrology",
    "content": "Streamlit Apps for the topic . ",
    "url": "/Streamlit/ST_02_Basic_Hydrology.html",
    
    "relUrl": "/Streamlit/ST_02_Basic_Hydrology.html"
  },"26": {
    "doc": "Soil Physics",
    "title": "03 Soil Physics",
    "content": " ",
    "url": "/Streamlit/ST_03_Soil_Physics.html#03-soil-physics",
    
    "relUrl": "/Streamlit/ST_03_Soil_Physics.html#03-soil-physics"
  },"27": {
    "doc": "Soil Physics",
    "title": "Soil Physics",
    "content": "Streamlit Apps for the topic . ",
    "url": "/Streamlit/ST_03_Soil_Physics.html",
    
    "relUrl": "/Streamlit/ST_03_Soil_Physics.html"
  },"28": {
    "doc": "Hydrogeological Concepts",
    "title": "04 Basic Hydrogeology",
    "content": " ",
    "url": "/Streamlit/ST_04_01_Hydrogeological_Concepts.html#04-basic-hydrogeology",
    
    "relUrl": "/Streamlit/ST_04_01_Hydrogeological_Concepts.html#04-basic-hydrogeology"
  },"29": {
    "doc": "Hydrogeological Concepts",
    "title": "Hydrogeological Concepts",
    "content": " ",
    "url": "/Streamlit/ST_04_01_Hydrogeological_Concepts.html#hydrogeological-concepts",
    
    "relUrl": "/Streamlit/ST_04_01_Hydrogeological_Concepts.html#hydrogeological-concepts"
  },"30": {
    "doc": "Hydrogeological Concepts",
    "title": "Hydrogeological Concepts",
    "content": "Streamlit Apps for the topic . ",
    "url": "/Streamlit/ST_04_01_Hydrogeological_Concepts.html",
    
    "relUrl": "/Streamlit/ST_04_01_Hydrogeological_Concepts.html"
  },"31": {
    "doc": "Hydrogeological Properties",
    "title": "04 Basic Hydrogeology",
    "content": " ",
    "url": "/Streamlit/ST_04_02_Hydrogeological_Properties.html#04-basic-hydrogeology",
    
    "relUrl": "/Streamlit/ST_04_02_Hydrogeological_Properties.html#04-basic-hydrogeology"
  },"32": {
    "doc": "Hydrogeological Properties",
    "title": "Hydrogeological Properties",
    "content": " ",
    "url": "/Streamlit/ST_04_02_Hydrogeological_Properties.html#hydrogeological-properties",
    
    "relUrl": "/Streamlit/ST_04_02_Hydrogeological_Properties.html#hydrogeological-properties"
  },"33": {
    "doc": "Hydrogeological Properties",
    "title": "Hydrogeological Properties",
    "content": "Streamlit Apps for the topic . ",
    "url": "/Streamlit/ST_04_02_Hydrogeological_Properties.html",
    
    "relUrl": "/Streamlit/ST_04_02_Hydrogeological_Properties.html"
  },"34": {
    "doc": "Groundwater Movement",
    "title": "04 Basic Hydrogeology",
    "content": " ",
    "url": "/Streamlit/ST_04_03_Groundwater_Movement.html#04-basic-hydrogeology",
    
    "relUrl": "/Streamlit/ST_04_03_Groundwater_Movement.html#04-basic-hydrogeology"
  },"35": {
    "doc": "Groundwater Movement",
    "title": "Groundwater Movement",
    "content": " ",
    "url": "/Streamlit/ST_04_03_Groundwater_Movement.html#groundwater-movement",
    
    "relUrl": "/Streamlit/ST_04_03_Groundwater_Movement.html#groundwater-movement"
  },"36": {
    "doc": "Groundwater Movement",
    "title": "Groundwater Movement",
    "content": "Streamlit Apps for the topic . ",
    "url": "/Streamlit/ST_04_03_Groundwater_Movement.html",
    
    "relUrl": "/Streamlit/ST_04_03_Groundwater_Movement.html"
  },"37": {
    "doc": "Flow to wells",
    "title": "Flow to wells",
    "content": " ",
    "url": "/Streamlit/ST_04_04_Flow2Wells.html#flow-to-wells",
    
    "relUrl": "/Streamlit/ST_04_04_Flow2Wells.html#flow-to-wells"
  },"38": {
    "doc": "Flow to wells",
    "title": "Well capture zone",
    "content": "This app computes the capture zone for an abstraction well in a confined aquifer. The user can modify parameters like pumping rate Q, hydraulic conductivity K, and more to investigate the effect on the shape of the capture zone. You can access the app here: https://well-capture-zone.streamlit.app/ . ",
    "url": "/Streamlit/ST_04_04_Flow2Wells.html#well-capture-zone",
    
    "relUrl": "/Streamlit/ST_04_04_Flow2Wells.html#well-capture-zone"
  },"39": {
    "doc": "Flow to wells",
    "title": "Steady state flow to a well in a confined aquifer (Thiem solution)",
    "content": "This app computes the steady state flow to a well in a confined aquifer by using the Thiem equation. The user can modify parameters like pumping rate Q, hydraulic conductivity K, and more to investigate the effect on the cone of drawdown. You can access the app here: https://flow2well-thiem-confined.streamlit.app/ . ",
    "url": "/Streamlit/ST_04_04_Flow2Wells.html#steady-state-flow-to-a-well-in-a-confined-aquifer-thiem-solution",
    
    "relUrl": "/Streamlit/ST_04_04_Flow2Wells.html#steady-state-flow-to-a-well-in-a-confined-aquifer-thiem-solution"
  },"40": {
    "doc": "Flow to wells",
    "title": "Steady state flow to a well in an unconfined aquifer (Thiem solution)",
    "content": "This app computes the steady state flow to a well in an unconfined aquifer by using the Thiem equation. The user can modify parameters like pumping rate Q, hydraulic conductivity K, and more to investigate the effect on the cone of drawdown. You can access the app here: https://flow2well-thiem-unconfined.streamlit.app/ . ",
    "url": "/Streamlit/ST_04_04_Flow2Wells.html#steady-state-flow-to-a-well-in-an-unconfined-aquifer-thiem-solution",
    
    "relUrl": "/Streamlit/ST_04_04_Flow2Wells.html#steady-state-flow-to-a-well-in-an-unconfined-aquifer-thiem-solution"
  },"41": {
    "doc": "Flow to wells",
    "title": "Transient flow to a well in a confined aquifer (Theis solution)",
    "content": "This app computes the transient flow to a well in an confined aquifer by using the Theis solution. The user can modify parameters like pumping rate Q, transmissivity T, and more to investigate the effect on the cone of drawdown. Results can be visualized as function of time and space. You can access the app here: https://flow2well-transient-confined.streamlit.app/ . ",
    "url": "/Streamlit/ST_04_04_Flow2Wells.html#transient-flow-to-a-well-in-a-confined-aquifer-theis-solution",
    
    "relUrl": "/Streamlit/ST_04_04_Flow2Wells.html#transient-flow-to-a-well-in-a-confined-aquifer-theis-solution"
  },"42": {
    "doc": "Flow to wells",
    "title": "Transient flow to a well in a confined aquifer (Theis solution)",
    "content": "This app computes the transient flow to a well in an confined and unconfined aquifer by using the Theis solution. The user can modify parameters like pumping rate Q, transmissivity T, Storativity and more to investigate the effect on the cone of drawdown for both aquifer types. Results can be visualized as function of time and space. You can access the app here: https://flow2well-transient-unconfined-confined.streamlit.app/ . ",
    "url": "/Streamlit/ST_04_04_Flow2Wells.html#transient-flow-to-a-well-in-a-confined-aquifer-theis-solution-1",
    
    "relUrl": "/Streamlit/ST_04_04_Flow2Wells.html#transient-flow-to-a-well-in-a-confined-aquifer-theis-solution-1"
  },"43": {
    "doc": "Flow to wells",
    "title": "Flow to wells",
    "content": "Streamlit Apps for the topic . 04 Basic Hydrogeology . ",
    "url": "/Streamlit/ST_04_04_Flow2Wells.html",
    
    "relUrl": "/Streamlit/ST_04_04_Flow2Wells.html"
  },"44": {
    "doc": "Solute Transport",
    "title": "04 Basic Hydrogeology",
    "content": " ",
    "url": "/Streamlit/ST_04_05_Solute_Transport.html#04-basic-hydrogeology",
    
    "relUrl": "/Streamlit/ST_04_05_Solute_Transport.html#04-basic-hydrogeology"
  },"45": {
    "doc": "Solute Transport",
    "title": "Solute Transport",
    "content": " ",
    "url": "/Streamlit/ST_04_05_Solute_Transport.html#solute-transport",
    
    "relUrl": "/Streamlit/ST_04_05_Solute_Transport.html#solute-transport"
  },"46": {
    "doc": "Solute Transport",
    "title": "Solute Transport",
    "content": "Streamlit Apps for the topic . ",
    "url": "/Streamlit/ST_04_05_Solute_Transport.html",
    
    "relUrl": "/Streamlit/ST_04_05_Solute_Transport.html"
  },"47": {
    "doc": "Basic Hydrogeology",
    "title": "04 Basic Hydrogeology",
    "content": "The apps are organized in subcategories. You find them below or in the sidebar menu. ",
    "url": "/Streamlit/ST_04_Basic_Hydrogeology.html#04-basic-hydrogeology",
    
    "relUrl": "/Streamlit/ST_04_Basic_Hydrogeology.html#04-basic-hydrogeology"
  },"48": {
    "doc": "Basic Hydrogeology",
    "title": "Basic Hydrogeology",
    "content": "Streamlit Apps for the topic . ",
    "url": "/Streamlit/ST_04_Basic_Hydrogeology.html",
    
    "relUrl": "/Streamlit/ST_04_Basic_Hydrogeology.html"
  },"49": {
    "doc": "Aquifer Testing",
    "title": "05 Applied Hydrogeology",
    "content": " ",
    "url": "/Streamlit/ST_05_01_Aquifer_Testing.html#05-applied-hydrogeology",
    
    "relUrl": "/Streamlit/ST_05_01_Aquifer_Testing.html#05-applied-hydrogeology"
  },"50": {
    "doc": "Aquifer Testing",
    "title": "Aquifer Testing",
    "content": " ",
    "url": "/Streamlit/ST_05_01_Aquifer_Testing.html#aquifer-testing",
    
    "relUrl": "/Streamlit/ST_05_01_Aquifer_Testing.html#aquifer-testing"
  },"51": {
    "doc": "Aquifer Testing",
    "title": "Aquifer Testing",
    "content": "Streamlit Apps for the topic . ",
    "url": "/Streamlit/ST_05_01_Aquifer_Testing.html",
    
    "relUrl": "/Streamlit/ST_05_01_Aquifer_Testing.html"
  },"52": {
    "doc": "Advanced Transport",
    "title": "05 Applied Hydrogeology",
    "content": " ",
    "url": "/Streamlit/ST_05_02_Advanced_Transport.html#05-applied-hydrogeology",
    
    "relUrl": "/Streamlit/ST_05_02_Advanced_Transport.html#05-applied-hydrogeology"
  },"53": {
    "doc": "Advanced Transport",
    "title": "Advanced Transport",
    "content": " ",
    "url": "/Streamlit/ST_05_02_Advanced_Transport.html#advanced-transport",
    
    "relUrl": "/Streamlit/ST_05_02_Advanced_Transport.html#advanced-transport"
  },"54": {
    "doc": "Advanced Transport",
    "title": "Advanced Transport",
    "content": "Streamlit Apps for the topic . ",
    "url": "/Streamlit/ST_05_02_Advanced_Transport.html",
    
    "relUrl": "/Streamlit/ST_05_02_Advanced_Transport.html"
  },"55": {
    "doc": "Applied Hydrogeology",
    "title": "05 Applied Hydrogeology",
    "content": " ",
    "url": "/Streamlit/ST_05_Applied_Hydrogeology.html#05-applied-hydrogeology",
    
    "relUrl": "/Streamlit/ST_05_Applied_Hydrogeology.html#05-applied-hydrogeology"
  },"56": {
    "doc": "Applied Hydrogeology",
    "title": "Applied Hydrogeology",
    "content": "Streamlit Apps for the topic . ",
    "url": "/Streamlit/ST_05_Applied_Hydrogeology.html",
    
    "relUrl": "/Streamlit/ST_05_Applied_Hydrogeology.html"
  },"57": {
    "doc": "Groundwater Modeling",
    "title": "06 Groundwater Modeling",
    "content": " ",
    "url": "/Streamlit/ST_06_Groundwater_Modeling.html#06-groundwater-modeling",
    
    "relUrl": "/Streamlit/ST_06_Groundwater_Modeling.html#06-groundwater-modeling"
  },"58": {
    "doc": "Groundwater Modeling",
    "title": "Finite Difference solution for 1D confined flow with recharge",
    "content": "This app computes the 1D groundwater flow in a confined aquifer with recharge by using a Finite Difference scheme. The user can modify the parameter for the groundwater flow scenario as well as for the numerical solution. Results from the numerical solution can be compared with an analytical solution. You can access the app here: https://gwf-1d-conf-fd.streamlit.app/ . ",
    "url": "/Streamlit/ST_06_Groundwater_Modeling.html#finite-difference-solution-for-1d-confined-flow-with-recharge",
    
    "relUrl": "/Streamlit/ST_06_Groundwater_Modeling.html#finite-difference-solution-for-1d-confined-flow-with-recharge"
  },"59": {
    "doc": "Groundwater Modeling",
    "title": "Groundwater Modeling",
    "content": "Streamlit Apps for the topic . ",
    "url": "/Streamlit/ST_06_Groundwater_Modeling.html",
    
    "relUrl": "/Streamlit/ST_06_Groundwater_Modeling.html"
  },"60": {
    "doc": "Multipage Apps",
    "title": "Multipage Streamlit Apps for different topics",
    "content": "Here you can find more complex multipage apps that combine individual apps. Multipage apps are suitable tools for individual learning, excercises, and assignments. ",
    "url": "/Streamlit/ST_07_Multipage_Apps.html#multipage-streamlit-apps-for-different-topics",
    
    "relUrl": "/Streamlit/ST_07_Multipage_Apps.html#multipage-streamlit-apps-for-different-topics"
  },"61": {
    "doc": "Multipage Apps",
    "title": "Dewatering exercise",
    "content": "This multipage app, developed by Ty Ferre, is a complete exercise for mine dewatering. It is based on the apps for transient flow to wells with the Theis solution. You can access the multipage app here: https://dewatering-exercise-app.streamlit.app/ . ",
    "url": "/Streamlit/ST_07_Multipage_Apps.html#dewatering-exercise",
    
    "relUrl": "/Streamlit/ST_07_Multipage_Apps.html#dewatering-exercise"
  },"62": {
    "doc": "Multipage Apps",
    "title": "WellCapture (The Groundwater Project)",
    "content": "This multipage app is an interactive tool to investigate the well capture zone. It is based on the app for the well catchment. You can access the multipage app here: https://gwp-wellcapture.streamlit.app/ . ",
    "url": "/Streamlit/ST_07_Multipage_Apps.html#wellcapture-the-groundwater-project",
    
    "relUrl": "/Streamlit/ST_07_Multipage_Apps.html#wellcapture-the-groundwater-project"
  },"63": {
    "doc": "Multipage Apps",
    "title": "Multipage Apps",
    "content": " ",
    "url": "/Streamlit/ST_07_Multipage_Apps.html",
    
    "relUrl": "/Streamlit/ST_07_Multipage_Apps.html"
  },"64": {
    "doc": "Welcome",
    "title": "General information about the iNUX Interactive Documentssss",
    "content": " ",
    "url": "/#general-information-about-the-inux-interactive-documentssss",
    
    "relUrl": "/#general-information-about-the-inux-interactive-documentssss"
  },"65": {
    "doc": "Welcome",
    "title": "Welcome and quick access",
    "content": "This webproject presents a wide range of Jupyter Notebooks and Streamlit apps to support education in groundwater management and hydrogeology. Various existing interactive documents are available through the GitHub repository. Jupyter Notebooks and Streamlit apps are used through a webbrowser on your computer or any other device (e.g., mobile phone and tablet). Featured Streamlit App for your initial trial: Radioactive Decay . The app allow to use investigate the mass balance for three substances that can decay. The user can define the initial mass and the decay rate of three substances. This allows to investigate the mass balance. You can access the app here https://radioactive-decay.streamlit.app/ . ",
    "url": "/#welcome-and-quick-access",
    
    "relUrl": "/#welcome-and-quick-access"
  },"66": {
    "doc": "Welcome",
    "title": "Streamlit Apps",
    "content": "Streamlit Apps are very user friendly apps that allow to access the interactive documents plattformindependent. A range of the interactive documents is accessible through Streamlit Apps. An overview about the Streamlit apps is provided in the Streamlit submenu of this webpage. ",
    "url": "/#streamlit-apps",
    
    "relUrl": "/#streamlit-apps"
  },"67": {
    "doc": "Welcome",
    "title": "Jupyter Notebooks",
    "content": "Jupyter Notebooks allow to access the interactive documents. They can combine text and explanations with Python computations. The provide a high degree of freedow, and they potentially allow immediate individiual modifications. Online Access . You can access and process the Jupyter Notebooks online by, for example, the MyBinder service through THIS LINK. More specific links are provided in the Courses and Projects part of this page. This also presents a suitable way of combining a selection of Jupyter Notebooks from the repository for a specific use case (e.g., as accompanying material for a course). _More information and discussion of ways to execute Jupyter Notebooks are available, for example in an overview from Dmitry Soshnikov. Please be aware that accessing and executing the Jupyter Notebooks through the MyBinder Service can take some time to start the server. Usually, the first start takes longer because MyBinder needs to set up a server with a specific installation for you. Subsequent starts (in the following minutes) should be faster. Sometimes, when accessing the Jupyter Notebook as Voila-Dashboard, it can be useful to reload the page in case the process seems to be stuck. Some more information here . Local Access (offline) . Alternatively, you can download the Jupyter Notebooks and work with them locally on your own. The required steps for setting up your device for local working with Jupyter Notebooks are described for example in the iNUX Handbook. Typically, you have to install Python and Jupyter Notebook. A convenient distribution of the most required software is Anaconda. ",
    "url": "/#jupyter-notebooks",
    
    "relUrl": "/#jupyter-notebooks"
  },"68": {
    "doc": "Welcome",
    "title": "Your contributioon",
    "content": "Further contributions are very welcome (e.g., using the Incoming section in the repository). ",
    "url": "/#your-contributioon",
    
    "relUrl": "/#your-contributioon"
  },"69": {
    "doc": "Welcome",
    "title": "Welcome",
    "content": " ",
    "url": "/",
    
    "relUrl": "/"
  }
}
